address,score,true_label,tx_count,funding_source
0x0000000000000000000000000000000000000000,100,sybil,6,0x1111
0x0000000000000000000000000000000000000001,100,sybil,6,0x1111
0x0000000000000000000000000000000000000002,100,sybil,8,0x1111
0x0000000000000000000000000000000000000003,100,sybil,7,0x1111
0x0000000000000000000000000000000000000004,100,sybil,5,0x1111
0x0000000000000000000000000000000000000005,100,sybil,9,0x1111
0x0000000000000000000000000000000000000006,100,sybil,10,0x1111
0x0000000000000000000000000000000000000007,100,sybil,7,0x1111
0x0000000000000000000000000000000000000008,100,sybil,10,0x1111
0x0000000000000000000000000000000000000009,100,sybil,10,0x1111
0x000000000000000000000000000000000000000a,100,sybil,7,0x1111
0x000000000000000000000000000000000000000b,100,sybil,7,0x1111
0x000000000000000000000000000000000000000c,100,sybil,8,0x1111
0x000000000000000000000000000000000000000d,100,sybil,11,0x1111
0x000000000000000000000000000000000000000e,100,sybil,11,0x1111
0x000000000000000000000000000000000000000f,100,sybil,9,0x1111
0x0000000000000000000000000000000000000010,100,sybil,6,0x1111
0x0000000000000000000000000000000000000011,100,sybil,10,0x1111
0x0000000000000000000000000000000000000012,100,sybil,9,0x1111
0x0000000000000000000000000000000000000013,100,sybil,9,0x1111
0x0000000000000000000000000000000000000014,100,sybil,5,0x1111
0x0000000000000000000000000000000000000015,100,sybil,7,0x1111
0x0000000000000000000000000000000000000016,100,sybil,9,0x1111
0x0000000000000000000000000000000000000017,100,sybil,9,0x1111
0x0000000000000000000000000000000000000018,100,sybil,8,0x1111
0x0000000000000000000000000000000000000019,100,sybil,12,0x1111
0x000000000000000000000000000000000000001a,100,sybil,9,0x1111
0x000000000000000000000000000000000000001b,100,sybil,8,0x1111
0x000000000000000000000000000000000000001c,100,sybil,12,0x1111
0x000000000000000000000000000000000000001d,100,sybil,10,0x1111
0x000000000000000000000000000000000000001e,100,sybil,8,0x1111
0x000000000000000000000000000000000000001f,100,sybil,5,0x1111
0x0000000000000000000000000000000000000020,100,sybil,8,0x1111
0x0000000000000000000000000000000000000022,100,sybil,7,0x1111
0x0000000000000000000000000000000000000023,100,sybil,12,0x1111
0x0000000000000000000000000000000000000024,100,sybil,7,0x1111
0x0000000000000000000000000000000000000025,100,sybil,10,0x1111
0x0000000000000000000000000000000000000026,100,sybil,11,0x1111
0x0000000000000000000000000000000000000027,100,sybil,11,0x1111
0x0000000000000000000000000000000000000028,100,sybil,11,0x2222
0x0000000000000000000000000000000000000029,100,sybil,5,0x2222
0x000000000000000000000000000000000000002a,100,sybil,11,0x2222
0x000000000000000000000000000000000000002b,100,sybil,7,0x2222
0x000000000000000000000000000000000000002c,100,sybil,7,0x2222
0x000000000000000000000000000000000000002d,100,sybil,6,0x2222
0x000000000000000000000000000000000000002e,100,sybil,8,0x2222
0x000000000000000000000000000000000000002f,100,sybil,7,0x2222
0x0000000000000000000000000000000000000030,100,sybil,12,0x2222
0x0000000000000000000000000000000000000031,100,sybil,12,0x2222
0x0000000000000000000000000000000000000032,100,sybil,6,0x2222
0x0000000000000000000000000000000000000033,100,sybil,6,0x2222
0x0000000000000000000000000000000000000034,100,sybil,5,0x2222
0x0000000000000000000000000000000000000035,100,sybil,5,0x2222
0x0000000000000000000000000000000000000036,100,sybil,8,0x2222
0x0000000000000000000000000000000000000037,100,sybil,11,0x2222
0x0000000000000000000000000000000000000038,100,sybil,11,0x2222
0x0000000000000000000000000000000000000039,100,sybil,7,0x2222
0x000000000000000000000000000000000000003a,100,sybil,7,0x2222
0x000000000000000000000000000000000000003b,100,sybil,12,0x2222
0x000000000000000000000000000000000000003c,100,sybil,5,0x2222
0x000000000000000000000000000000000000003d,100,sybil,6,0x2222
0x000000000000000000000000000000000000003e,100,sybil,9,0x2222
0x000000000000000000000000000000000000003f,100,sybil,6,0x2222
0x0000000000000000000000000000000000000040,100,sybil,9,0x2222
0x0000000000000000000000000000000000000041,100,sybil,9,0x2222
0x0000000000000000000000000000000000000042,100,sybil,9,0x2222
0x0000000000000000000000000000000000000043,100,sybil,6,0x2222
0x0000000000000000000000000000000000000044,100,sybil,5,0x2222
0x0000000000000000000000000000000000000045,100,sybil,5,0x2222
0x0000000000000000000000000000000000000046,100,sybil,7,0x3333
0x0000000000000000000000000000000000000047,100,sybil,10,0x3333
0x0000000000000000000000000000000000000048,100,sybil,10,0x3333
0x0000000000000000000000000000000000000049,100,sybil,10,0x3333
0x000000000000000000000000000000000000004a,100,sybil,11,0x3333
0x000000000000000000000000000000000000004b,100,sybil,11,0x3333
0x000000000000000000000000000000000000004c,100,sybil,6,0x3333
0x000000000000000000000000000000000000004d,100,sybil,7,0x3333
0x000000000000000000000000000000000000004e,100,sybil,5,0x3333
0x000000000000000000000000000000000000004f,100,sybil,11,0x3333
0x0000000000000000000000000000000000000050,100,sybil,9,0x3333
0x0000000000000000000000000000000000000051,100,sybil,5,0x3333
0x0000000000000000000000000000000000000052,100,sybil,6,0x3333
0x0000000000000000000000000000000000000053,100,sybil,8,0x3333
0x0000000000000000000000000000000000000054,100,sybil,11,0x3333
0x0000000000000000000000000000000000000055,100,sybil,8,0x3333
0x0000000000000000000000000000000000000056,100,sybil,6,0x3333
0x0000000000000000000000000000000000000057,100,sybil,11,0x3333
0x0000000000000000000000000000000000000058,100,sybil,5,0x3333
0x0000000000000000000000000000000000000059,100,sybil,8,0x3333
0x000000000000000000000000000000000000005a,100,sybil,7,0x3333
0x000000000000000000000000000000000000005b,100,sybil,8,0x3333
0x000000000000000000000000000000000000005c,100,sybil,10,0x3333
0x000000000000000000000000000000000000005d,100,sybil,11,0x3333
0x000000000000000000000000000000000000005e,100,sybil,9,0x3333
0x000000000000000000000000000000000000005f,100,sybil,9,0x4444
0x0000000000000000000000000000000000000060,100,sybil,9,0x4444
0x0000000000000000000000000000000000000061,100,sybil,8,0x4444
0x0000000000000000000000000000000000000062,100,sybil,7,0x4444
0x0000000000000000000000000000000000000063,100,sybil,7,0x4444
0x0000000000000000000000000000000000000064,100,sybil,12,0x4444
0x0000000000000000000000000000000000000065,100,sybil,9,0x4444
0x0000000000000000000000000000000000000066,100,sybil,6,0x4444
0x0000000000000000000000000000000000000068,100,sybil,12,0x4444
0x0000000000000000000000000000000000000069,100,sybil,12,0x4444
0x000000000000000000000000000000000000006a,100,sybil,9,0x4444
0x000000000000000000000000000000000000006b,100,sybil,6,0x4444
0x000000000000000000000000000000000000006c,100,sybil,9,0x4444
0x000000000000000000000000000000000000006d,100,sybil,8,0x4444
0x000000000000000000000000000000000000006e,100,sybil,7,0x4444
0x000000000000000000000000000000000000006f,100,sybil,11,0x4444
0x0000000000000000000000000000000000000070,100,sybil,5,0x4444
0x0000000000000000000000000000000000000071,100,sybil,11,0x4444
0x0000000000000000000000000000000000000072,100,sybil,10,0x4444
0x0000000000000000000000000000000000000073,100,sybil,7,0x4444
0x0000000000000000000000000000000000000074,100,sybil,10,0x4444
0x0000000000000000000000000000000000000075,100,sybil,6,0x4444
0x0000000000000000000000000000000000000076,100,sybil,8,0x4444
0x0000000000000000000000000000000000000077,100,sybil,10,0x4444
0x0000000000000000000000000000000000000078,100,sybil,9,0x4444
0x0000000000000000000000000000000000000079,100,sybil,10,0x4444
0x000000000000000000000000000000000000007a,100,sybil,5,0x4444
0x000000000000000000000000000000000000007b,100,sybil,10,0x4444
0x000000000000000000000000000000000000007c,100,sybil,6,0x4444
0x000000000000000000000000000000000000007d,100,sybil,8,0x4444
0x000000000000000000000000000000000000007e,100,sybil,9,0x4444
0x000000000000000000000000000000000000007f,100,sybil,6,0x4444
0x0000000000000000000000000000000000000080,100,sybil,7,0x4444
0x0000000000000000000000000000000000000081,100,sybil,9,0x4444
0x0000000000000000000000000000000000000082,100,sybil,11,0x5555
0x0000000000000000000000000000000000000083,100,sybil,7,0x5555
0x0000000000000000000000000000000000000084,100,sybil,10,0x5555
0x0000000000000000000000000000000000000085,100,sybil,7,0x5555
0x0000000000000000000000000000000000000086,100,sybil,12,0x5555
0x0000000000000000000000000000000000000087,100,sybil,5,0x5555
0x0000000000000000000000000000000000000088,100,sybil,6,0x5555
0x0000000000000000000000000000000000000089,100,sybil,12,0x5555
0x000000000000000000000000000000000000008a,100,sybil,12,0x5555
0x000000000000000000000000000000000000008b,100,sybil,8,0x5555
0x000000000000000000000000000000000000008c,100,sybil,7,0x5555
0x000000000000000000000000000000000000008d,100,sybil,8,0x5555
0x000000000000000000000000000000000000008e,100,sybil,6,0x5555
0x0000000000000000000000000000000000000090,100,sybil,5,0x5555
0x0000000000000000000000000000000000000091,100,sybil,11,0x5555
0x0000000000000000000000000000000000000092,100,sybil,5,0x5555
0x0000000000000000000000000000000000000093,100,sybil,7,0x5555
0x0000000000000000000000000000000000000094,100,sybil,10,0x5555
0x0000000000000000000000000000000000000095,100,sybil,9,0x5555
0x0000000000000000000000000000000000000021,95,sybil,12,0x1111
0x0000000000000000000000000000000000000067,95,sybil,12,0x4444
0x000000000000000000000000000000000000008f,95,sybil,12,0x5555
0x00000000000000000000000000000000000000c0,60,legitimate,17,0x3800da79fcd1c3b76b41168370972046fa7cf893
0x0000000000000000000000000000000000000122,60,legitimate,17,0x0466ab60a5a91abf2881dbeecd03cc95936b86fe
0x00000000000000000000000000000000000001a7,60,legitimate,16,0xcc4110a5a8d4d473a8d5ed6f7ac157e93e11a8de
0x00000000000000000000000000000000000001e2,60,legitimate,15,0x03e19b722bb4a69fd73eadd953e06bbc543b7b51
0x0000000000000000000000000000000000000097,50,legitimate,21,0x6e52b671bba8a7e549d0aac1a78eb37c6ab62dbf
0x0000000000000000000000000000000000000098,50,legitimate,40,0x46748ee461d15db2a67ac70ad1753cd1dd69cf6b
0x000000000000000000000000000000000000009c,50,legitimate,26,0x1966d047db642c52e7e7eec3ecd5afa3f01a5097
0x00000000000000000000000000000000000000ab,50,legitimate,23,0x6eb7808b7f572473098364e307a76739609eed33
0x00000000000000000000000000000000000000b6,50,legitimate,36,0x6193dc3d81b89c44ee28c8564fc60d4370ba8e9c
0x00000000000000000000000000000000000000c1,50,legitimate,28,0xad0e0e1b874ac31d8ee068b62a9da1f7ec3115d4
0x00000000000000000000000000000000000000c3,50,legitimate,30,0x098aa62ca8b931bb7c60e5a9761e8bb724c0c086
0x00000000000000000000000000000000000000ca,50,legitimate,26,0xdbe8d3ef4b4788c1153fb1180af721a9a9d0716a
0x00000000000000000000000000000000000000cf,50,legitimate,47,0x8ba55e2f19bda5ca0f6322ae6013761a47e3a429
0x00000000000000000000000000000000000000dc,50,legitimate,47,0x87c6c8f8cc3f685363fcf9fa35292a32cd8c43ee
0x00000000000000000000000000000000000000e7,50,legitimate,35,0x6ae0151cb479d8983e53042904ca56c4cd193f76
0x00000000000000000000000000000000000000e9,50,legitimate,39,0xc9d22116425e03bc5c57a2833639be00ceec6f6d
0x00000000000000000000000000000000000000ec,50,legitimate,32,0x9b7289e520a64192deb5d042beb6b44693bcdfee
0x0000000000000000000000000000000000000111,50,legitimate,44,0xd889273ad4374745aca83361e722ec5841b81000
0x0000000000000000000000000000000000000116,50,legitimate,32,0x662359bc5aa699cad1b3f6b16d734f9316c68aad
0x0000000000000000000000000000000000000119,50,legitimate,34,0x35676efb32f694069985b9889062e17066eb3360
0x0000000000000000000000000000000000000124,50,legitimate,42,0x187cac1100ccbd837762cf020bdd4c4583748669
0x000000000000000000000000000000000000013b,50,legitimate,28,0xabf48f5b9876232d05dc0f1b5cba9958faa96717
0x000000000000000000000000000000000000013d,50,legitimate,49,0xdba645aa9d78ffe0473b16ecda26e31700e62d31
0x0000000000000000000000000000000000000146,50,legitimate,22,0xb0121057de26819477177df67460084406b8f092
0x000000000000000000000000000000000000014b,50,legitimate,39,0x5250342759ef1808f14b8d7cf6d709cec39b3a9f
0x0000000000000000000000000000000000000151,50,legitimate,39,0x3e1894af7341cffda9040e1620d291689195cd2f
0x0000000000000000000000000000000000000162,50,legitimate,44,0xe0ec38f18641262e605a0d9b73cca899ee0b86be
0x0000000000000000000000000000000000000173,50,legitimate,37,0x480a4635dec3d88372acec72d4ca7c06a98651f1
0x0000000000000000000000000000000000000175,50,legitimate,31,0x48415e04853210e85f6c164efd95b4c316501759
0x0000000000000000000000000000000000000183,50,legitimate,28,0x018ca6ac8550312f3bb4b8d30425d42464198f26
0x0000000000000000000000000000000000000188,50,legitimate,45,0xc4f83b340ffe38e24b61be9d7ac528b870f6455f
0x0000000000000000000000000000000000000193,50,legitimate,24,0x989a041ffc06be276a5d2486b3ae11825107408c
0x00000000000000000000000000000000000001a0,50,legitimate,47,0x976d3bc30aafb1914d06b453de03365f49506abb
0x00000000000000000000000000000000000001ac,50,legitimate,43,0xaeb0cda1c176d5c9782b1962f76dbcc12aabab98
0x00000000000000000000000000000000000001af,50,legitimate,46,0xf50138383b6a05693877279447f90b3cceabb026
0x00000000000000000000000000000000000001d6,50,legitimate,40,0x6b55c7c537ec8ec66c6ae8c438a0ba73708798f7
0x00000000000000000000000000000000000001d8,50,legitimate,41,0x049da4c245a59e5654bc0463fb6e8bca9e01cb38
0x00000000000000000000000000000000000001e4,50,legitimate,33,0x9ce6a15efdeb5601eb1066166b33ce7cf1cc6eb3
0x00000000000000000000000000000000000001e5,50,legitimate,43,0x025754845407a0f6ee41d07b367b62996cb0fd98
0x00000000000000000000000000000000000001eb,50,legitimate,28,0x82def9a11d8eb04c566f9c1abaad5381ff7971c1
0x00000000000000000000000000000000000000a1,45,legitimate,17,0x8780d6caddebd8d483d04bac21e3823812b1178b
0x00000000000000000000000000000000000000a5,45,legitimate,18,0x2d6c18d074c0bea3b7a63ca5b08c147d3a747c44
0x00000000000000000000000000000000000000a9,45,legitimate,16,0x73cb3b3fa6f908648af6d2681bd07f9b78612769
0x00000000000000000000000000000000000000b0,45,legitimate,15,0x39c292597310453da962a21a0fafba8475fa99f2
0x00000000000000000000000000000000000000b4,45,legitimate,19,0x7634fa4840480f7bcf61ea35d6369272230933ad
0x00000000000000000000000000000000000000cd,45,legitimate,18,0x748bd9d3c508c7e76713250d661532bbc599f9ca
0x00000000000000000000000000000000000000de,45,legitimate,16,0xeabd7c895639a1969d7652ce41d5f6269a8d39c5
0x00000000000000000000000000000000000000e8,45,legitimate,19,0x5c982e6d08709a7323e4beafb86519d5642c14ac
0x00000000000000000000000000000000000000fc,45,legitimate,17,0xd997783dc1143180373bf9893259656e10353a74
0x00000000000000000000000000000000000000fd,45,legitimate,17,0x9dd7f57feb58c9386230532089d2e73ec9d80901
0x0000000000000000000000000000000000000110,45,legitimate,15,0xac7827669afe7c4c13ede4c8f689a6197082cd98
0x0000000000000000000000000000000000000149,45,legitimate,18,0x6d50f3e726db60fe2353b00ab55bea552d5488de
0x0000000000000000000000000000000000000164,45,legitimate,17,0xbdf401605d4dcfe289252031f249b2590241e762
0x0000000000000000000000000000000000000169,45,legitimate,17,0xc489bd45290b9cb8a0c3e18a3bfaa9a67a146089
0x000000000000000000000000000000000000016d,45,legitimate,17,0x438f374bd9e5f020abe550172f0ff50b8141245e
0x000000000000000000000000000000000000017e,45,legitimate,19,0xe1e7b715dd46836d16f164244f91698847d8c1f9
0x0000000000000000000000000000000000000182,45,legitimate,17,0x5a60ccb9f55fbc720abd7c688f8807e849cc9719
0x000000000000000000000000000000000000018d,45,legitimate,16,0xfedc130708534e72542061da365bd099c701ad44
0x00000000000000000000000000000000000001b6,45,legitimate,16,0xc71926b0043457c5a57f7a2b28c9265aea8c8df5
0x00000000000000000000000000000000000001bd,45,legitimate,17,0x8562807310281b362f8789fdb6c7a7e915624a3f
0x00000000000000000000000000000000000001be,45,legitimate,15,0xcbb3d4c8b5a4d145bce68f104132eb24da58a2a9
0x00000000000000000000000000000000000001c3,45,legitimate,16,0x865f194add23ef2bf0cf8dbc6126ae6f62d2d338
0x00000000000000000000000000000000000001c4,45,legitimate,16,0x1558ea5d4704e54780fd77e24beb11895c611158
0x00000000000000000000000000000000000001cb,45,legitimate,19,0x0f328d2c1e8eeeace4acbd2b4fc766257161c963
0x00000000000000000000000000000000000001d5,45,legitimate,17,0xa5aa4b3a67045d21e778cbae52ac10d1d7d641f4
0x00000000000000000000000000000000000001e1,45,legitimate,15,0x7a9b1b117e799881cb679e23f1e324f89cae5213
0x00000000000000000000000000000000000001e3,45,legitimate,17,0x6c672e50d88c37b45d3be41c0d93593019d549ee
0x00000000000000000000000000000000000001e7,45,legitimate,18,0xc6cf8b86cc2c493d9fe519da4981afa7268b95c0
0x00000000000000000000000000000000000000ad,40,legitimate,64,0x44e0137119fc9448c5d899df113ff40f13b96213
0x00000000000000000000000000000000000000b1,40,legitimate,61,0xe2712ff865d8350a63fdb07a5c7f9aef3403bfdf
0x00000000000000000000000000000000000000b3,40,legitimate,73,0x1ac0dff367171ab761f0e5c51cda89181dadd807
0x00000000000000000000000000000000000000c2,40,legitimate,75,0x9c9a3db3dfe38af0e85d4aae50247f99648ff83f
0x00000000000000000000000000000000000000d6,40,legitimate,72,0x35a262f7705b7572a7e3e464a03587beea85dbc1
0x00000000000000000000000000000000000000d9,40,legitimate,77,0x1ccb27cf258e85589c01a7dea617a28cc87f931e
0x00000000000000000000000000000000000000df,40,legitimate,59,0x4e17b2ab140336b04630a296fb98e9a59bbf5afa
0x00000000000000000000000000000000000000f0,40,legitimate,76,0x4172020e548a32945d8ffb1f89d0f9727eda1275
0x00000000000000000000000000000000000000f8,40,legitimate,59,0x6802514cf839e10465e3539fe335d0b41d9eecb4
0x00000000000000000000000000000000000000fe,40,legitimate,63,0xd24995c78df07be1bf612d92509c0b54f27c75ed
0x0000000000000000000000000000000000000107,40,legitimate,79,0x8a845c6cc1c7b811cdb0762ef416cb92d37be457
0x000000000000000000000000000000000000010f,40,legitimate,71,0x17efbc92ae216ba1f9e6142a10d1884d7a995b1a
0x000000000000000000000000000000000000011a,40,legitimate,55,0x404838268c1222054fafd0963ca511a26e96eefc
0x000000000000000000000000000000000000011b,40,legitimate,72,0xba9696b0b87695cfde67901edf6fea8c9301d615
0x000000000000000000000000000000000000011f,40,legitimate,61,0x0a433d55010e44d2f5e577e00b4d99e7afbca5df
0x0000000000000000000000000000000000000123,40,legitimate,64,0xdf5d162c48f5ac7258aab6961cdfc6af991e0704
0x0000000000000000000000000000000000000125,40,legitimate,57,0x5ffe9dbc58d546fbdc694468e3c5f1a204d0b8a3
0x000000000000000000000000000000000000012c,40,legitimate,66,0xfaf5eb303a3014b2056658319bfd3981248d2d89
0x000000000000000000000000000000000000015a,40,legitimate,56,0x10f90b104195c2a4f2cf6505bf566349de62e9cf
0x000000000000000000000000000000000000016a,40,legitimate,60,0xf297cbebd4009e21a667257d8420f8846b7388b1
0x000000000000000000000000000000000000017a,40,legitimate,78,0xa063707795004cca7e0ec151b5f62cfd7a0a516a
0x0000000000000000000000000000000000000181,40,legitimate,79,0x4c795ccc869b694cb3bd3363eeb3cfea38443789
0x000000000000000000000000000000000000018e,40,legitimate,67,0xe5df5098c1f015501a00112b105e3440623a2d91
0x000000000000000000000000000000000000019c,40,legitimate,64,0x01a6bdfba0f4089c131b1743e859c05dda65e7fe
0x00000000000000000000000000000000000001a1,40,legitimate,80,0xba22b529d63c7b83e911ebf247f5bc11ef534cf8
0x00000000000000000000000000000000000001a6,40,legitimate,56,0x3cb71b78f7670c02792da21e6f64acf4cddb5519
0x00000000000000000000000000000000000001b8,40,legitimate,65,0xbc226d6be01047631fce285425aa30c781e0ee30
0x00000000000000000000000000000000000001d2,40,legitimate,75,0x8a4489b24d2e11cab42796aac7a1a6ce85a29993
0x00000000000000000000000000000000000001d7,40,legitimate,73,0x96d9ca0f504062823a2581cfb185791ce97db18f
0x00000000000000000000000000000000000001d9,40,legitimate,58,0x8fa27710170eec274f5f68859cbc7af1eb9c4e3c
0x00000000000000000000000000000000000001de,40,legitimate,72,0x421b12c12a22f7cec035283b4fe722118536f8d2
0x00000000000000000000000000000000000001e9,40,legitimate,78,0x1dd818353a0de9883830b3602c94d2f3d23f28b9
0x0000000000000000000000000000000000000096,35,legitimate,41,0xd8d0b8db3aa066940610c42dc0241ac149d83188
0x0000000000000000000000000000000000000099,35,legitimate,30,0x6ccb6ae1b6d331ca01ddc628bef46f0cd4d6761c
0x000000000000000000000000000000000000009a,35,legitimate,20,0xb33d9c7c4e733dcc866482ee6844a0e3615eca80
0x000000000000000000000000000000000000009d,35,legitimate,26,0xe202f0226ef7ffc37ce28b5bb8d8f272f429c05d
0x000000000000000000000000000000000000009f,35,legitimate,32,0xf52eaf63badfc7a8aeaf39512f701b325738db52
0x00000000000000000000000000000000000000a0,35,legitimate,39,0xf3a2dc1d0f916e973a5b171cb7a4c1088dac20f9
0x00000000000000000000000000000000000000a2,35,legitimate,31,0xc4196c8ac44fc2a85a4a96aee987cfb255525e11
0x00000000000000000000000000000000000000a3,35,legitimate,41,0xed758b74b7d0c829dcf9b68007ca07d8d2c57940
0x00000000000000000000000000000000000000a6,35,legitimate,50,0x26c0df52f71de9c584c2f2c4efb0ce3b2cb50ab9
0x00000000000000000000000000000000000000a8,35,legitimate,43,0xc4bfa42430604ccff979549bc44c5c7880ed319c
0x00000000000000000000000000000000000000ac,35,legitimate,20,0x7fffa983081190e9fa1d8ded7dc807a2addaa3b6
0x00000000000000000000000000000000000000af,35,legitimate,39,0xeca77d15cc8ae9ca930cc62d9d148109db18fefb
0x00000000000000000000000000000000000000b5,35,legitimate,22,0x9c4cc0fdfee444341d2b11d0e976d79f9186c2a1
0x00000000000000000000000000000000000000b8,35,legitimate,38,0xc89eb2f2e1b3b9d1f887ac21369d2be14bf91d08
0x00000000000000000000000000000000000000b9,35,legitimate,45,0x8cdc67155512a5075f15ee3f891887a73620ab79
0x00000000000000000000000000000000000000bb,35,legitimate,46,0x8ac31e08ef3e9770390ae185128dfb8215ab1a47
0x00000000000000000000000000000000000000be,35,legitimate,21,0x53e6c977488d5d8d0aef77ed1f7e09deb79908b6
0x00000000000000000000000000000000000000c7,35,legitimate,43,0x138baaf1f8cbb96e1acbb1ba3590874c8992b691
0x00000000000000000000000000000000000000c8,35,legitimate,21,0xb50334d2626cae1a95cbe6a3a553c7eab9dbb9fa
0x00000000000000000000000000000000000000cb,35,legitimate,43,0x57728c55a5e55d3a94eeb2afb56f89942f0dfbce
0x00000000000000000000000000000000000000d0,35,legitimate,45,0xe4588c5ef608f37bc6f64c515278db82e9289e9d
0x00000000000000000000000000000000000000d1,35,legitimate,23,0x61d9e4fe7af3f3983deaa9c72cac003cf4f183e5
0x00000000000000000000000000000000000000d7,35,legitimate,32,0x465f38ffbeadd82a9290f96600595cd26a008647
0x00000000000000000000000000000000000000db,35,legitimate,41,0x0fa641829174729d953f22115125e54e92593c47
0x00000000000000000000000000000000000000e1,35,legitimate,41,0x683682373f679b261ef10ccd9b6f01a3b8bbcc54
0x00000000000000000000000000000000000000e2,35,legitimate,20,0x0a73c838446f9dd46d6491bbd194593107ab9ed9
0x00000000000000000000000000000000000000e3,35,legitimate,41,0x5d524c68f5db9cf0486d4aed56c7b5a20e4e4b22
0x00000000000000000000000000000000000000e5,35,legitimate,44,0xf93ade269211e2f53b12f94873ba0ca71f49d7c1
0x00000000000000000000000000000000000000e6,35,legitimate,43,0x502998fa23b22e08feb7bbd202912c35287922f2
0x00000000000000000000000000000000000000eb,35,legitimate,30,0x468fa3cfaf81968cc8fdc2a36e8a166686b42911
0x00000000000000000000000000000000000000ed,35,legitimate,32,0x8bb794e3ebd0578a0def775b9a7c2e7632b9138e
0x00000000000000000000000000000000000000ef,35,legitimate,24,0x936bcbf6e3b047a543e011b556ebb2a67799ac15
0x00000000000000000000000000000000000000f4,35,legitimate,34,0xb00e454a6c50f6d77e15559bfe5b910d9fd97c97
0x00000000000000000000000000000000000000f6,35,legitimate,29,0x7b664a9c7fedcad75c15b36c1363daf849812f8c
0x00000000000000000000000000000000000000f7,35,legitimate,23,0x3479f3865d6611996f93056c638cc8e03b5a402f
0x00000000000000000000000000000000000000f9,35,legitimate,43,0x52b5404b13cf9b2c087d8e154a01d77e87848ab0
0x00000000000000000000000000000000000000ff,35,legitimate,31,0x81cb5117903dd47e00d0771a1ab43b62237bdb3a
0x0000000000000000000000000000000000000103,35,legitimate,36,0x7c2b518efa6fe0a25a9f73109a1498e408f60274
0x0000000000000000000000000000000000000105,35,legitimate,42,0x5bb4ddde783dbaadb8365905e40166ff001bd0f8
0x0000000000000000000000000000000000000106,35,legitimate,42,0x078c49731257027a352015fc4a0e995dc5db7545
0x0000000000000000000000000000000000000108,35,legitimate,39,0xa73f713fb1ceccba56e6e1861a9be9eb005e1e7e
0x000000000000000000000000000000000000010a,35,legitimate,28,0x48fe308374d55f12ae67cc6c64d11a124c4838ee
0x000000000000000000000000000000000000010b,35,legitimate,36,0x0f157c9dc5c8a43144d5fb07d65b58f6b486ae6d
0x0000000000000000000000000000000000000114,35,legitimate,29,0xe47530715e85c0dcbf93ed8db7e0c16f86fd457a
0x0000000000000000000000000000000000000118,35,legitimate,26,0xb83fa5ce8d3c39bf35d303ca832a94318dcd6aca
0x000000000000000000000000000000000000011e,35,legitimate,42,0x62cb979d43eeecb83df8b48b915cb1c672cd11ca
0x0000000000000000000000000000000000000120,35,legitimate,22,0x86942c8bad13375359d9ffb2a223d3b458ff0c41
0x0000000000000000000000000000000000000127,35,legitimate,42,0xdfc9432af9096777798896da293086ec266c33c2
0x0000000000000000000000000000000000000128,35,legitimate,48,0xa341fa77c517fa95855ac0220a2707466596600a
0x000000000000000000000000000000000000012a,35,legitimate,34,0x60a9118c6725b98c32c193ff8b049bbf3d690065
0x000000000000000000000000000000000000012d,35,legitimate,43,0x77385b5cfccaee6009e2a2b209e1341c3885549e
0x000000000000000000000000000000000000012e,35,legitimate,41,0x0f53e008124b4f8d78efe36fd7e1afc7c9c54633
0x000000000000000000000000000000000000012f,35,legitimate,27,0xd71c587687a77338221fe89b18783d06bee78217
0x0000000000000000000000000000000000000134,35,legitimate,21,0xa03e18d8185c3e86587a11ad0ca0346f5a9a7bad
0x0000000000000000000000000000000000000136,35,legitimate,45,0x1c50bf4e2951f423244de797c75c79304d3fe85b
0x0000000000000000000000000000000000000137,35,legitimate,40,0x28916253ef291efcf9c30f6585c3cb197fe36795
0x0000000000000000000000000000000000000138,35,legitimate,49,0x259a28a1209e55a5cdc73f6d5a34a01e1f96431f
0x0000000000000000000000000000000000000139,35,legitimate,48,0x12003e4e25430ae5fbe80f9c3d3d703edf97c7d5
0x000000000000000000000000000000000000013a,35,legitimate,39,0x25dcf4e233e0b555bc858724645cad0fc09bdc4c
0x000000000000000000000000000000000000013c,35,legitimate,49,0x625c25e7547871fd0c3547d1ee480c15a22870c4
0x0000000000000000000000000000000000000141,35,legitimate,21,0xb3927bf280cd8aecdb750dbf2e7b6f7b076a6545
0x0000000000000000000000000000000000000144,35,legitimate,48,0x1a4ca283a06787d0a13b7a721c66c329587630c7
0x0000000000000000000000000000000000000147,35,legitimate,36,0xeee238645195395f14d082318e944685410ad23d
0x0000000000000000000000000000000000000148,35,legitimate,28,0xb6b67988874cedf67b17751e4268cfa76f9d5564
0x000000000000000000000000000000000000014c,35,legitimate,39,0xd26f269284aa38c3cf5612a39ba91c8178908c6f
0x000000000000000000000000000000000000014d,35,legitimate,43,0x78b345b3be6ffd8918d39ccd0338ca3296f69cc6
0x000000000000000000000000000000000000014e,35,legitimate,24,0x526460d394e8b366c0ed46eab0e7ce93146e8f2a
0x000000000000000000000000000000000000014f,35,legitimate,26,0x7e3179ae5be2e81ba15dcc5e36cc1aae8506bcd0
0x0000000000000000000000000000000000000155,35,legitimate,25,0x8f910c2fc8e3cc112523281497dbfde8e488354f
0x0000000000000000000000000000000000000156,35,legitimate,28,0xbbda15917f9a5ac84a6959d5f1b9b654497684e9
0x0000000000000000000000000000000000000158,35,legitimate,26,0xaff08cc8c1b9231f30ad559e97dd4230d3ab087f
0x000000000000000000000000000000000000015d,35,legitimate,25,0x51fa15f908affc1e0ddddf3dd4e99b373151e274
0x000000000000000000000000000000000000015f,35,legitimate,46,0x4a5f0554789c1b6dc2729a25e6ab7c25c28c22bc
0x0000000000000000000000000000000000000161,35,legitimate,26,0xa796c5763f1c8371cb5d8f06f500853d1ba988d8
0x0000000000000000000000000000000000000163,35,legitimate,20,0xded711b72308b41b4a2507d1c416ac5bfa48ef41
0x0000000000000000000000000000000000000166,35,legitimate,34,0xb8d72019fceda697427a58b39baa6f1c1f6cf1c6
0x0000000000000000000000000000000000000167,35,legitimate,45,0x55915a3b1ae6afde82fe14467b26ae9587a30b4c
0x000000000000000000000000000000000000016f,35,legitimate,22,0x0ac0e3f955cc5359fb252420ba8fef338b5f6d4a
0x0000000000000000000000000000000000000171,35,legitimate,49,0xc3ec4500a40fc6c38ef04170a16db261f6941f81
0x0000000000000000000000000000000000000177,35,legitimate,47,0x0727dbaded4c9daea6160c547e6a04ec2f17d1d1
0x000000000000000000000000000000000000017d,35,legitimate,46,0x6e27df6f5b8e304d47d965b18ba3406145f2d033
0x0000000000000000000000000000000000000186,35,legitimate,28,0xcd8bc0d3a6b6fbb922f3816b3e1485fc1b6edd78
0x0000000000000000000000000000000000000189,35,legitimate,48,0x8534c9d17ad920216acbbd71c83531ab800d147d
0x000000000000000000000000000000000000018b,35,legitimate,28,0x6b06dbf5a087f1f7362cd741adb720dfaedabda6
0x000000000000000000000000000000000000018f,35,legitimate,39,0xd4627bc9d4b5f0a412fe4c0b09fa7e20ae2abeee
0x0000000000000000000000000000000000000190,35,legitimate,27,0x73fa390c98c9cd1f119eebb78795e5a0e03f5891
0x0000000000000000000000000000000000000191,35,legitimate,28,0xc7539397bb5a82d546ab3ad2183736e266ba6811
0x0000000000000000000000000000000000000194,35,legitimate,44,0x12ce74c2b1d423ce709b6aa79ebe5e22c5cc8316
0x0000000000000000000000000000000000000195,35,legitimate,29,0xabbb0faffba274e29b6e4cd59246e3017194c954
0x0000000000000000000000000000000000000196,35,legitimate,39,0xb1138ef69670ab7668fc3bc340a69c42b340a11b
0x0000000000000000000000000000000000000197,35,legitimate,48,0xd2f98312c875975ad8894832e0b7e6eb9f677164
0x000000000000000000000000000000000000019b,35,legitimate,28,0xf97860367dbdda8408a805bb2d8b03fa651e26ed
0x000000000000000000000000000000000000019e,35,legitimate,24,0x4fe771d0b3198eab91c248475763c6536ed11210
0x00000000000000000000000000000000000001a3,35,legitimate,45,0x66c23cf2bc94249af5feea734ec6bbcc4e097c5b
0x00000000000000000000000000000000000001a5,35,legitimate,24,0xeb07e8bacb79580d5045f35d221e9f90c84cda4c
0x00000000000000000000000000000000000001ab,35,legitimate,32,0x2f28b1481ffe33283997a0f46ff0c328c050f84c
0x00000000000000000000000000000000000001ad,35,legitimate,29,0x777acc746c898f08f2bfa2ef70a8f0df25b55d9a
0x00000000000000000000000000000000000001ae,35,legitimate,20,0x2d3312a4c0569a480157ad131b2635f941002312
0x00000000000000000000000000000000000001b0,35,legitimate,37,0xd446d1557fa49064a3f55f10bf76f18e0b5deb01
0x00000000000000000000000000000000000001b3,35,legitimate,38,0x0f2f56a7069ac23a44472620589a8968f6a25f29
0x00000000000000000000000000000000000001ba,35,legitimate,48,0x7d306f0c023d1651474f59f66a185d277378b44d
0x00000000000000000000000000000000000001bb,35,legitimate,45,0xb53538b310a83d357a206b802e77452877939532
0x00000000000000000000000000000000000001c0,35,legitimate,35,0x786de541a28dd95bbdeea05f25ab82553379795f
0x00000000000000000000000000000000000001c1,35,legitimate,25,0x12bd817915f741b0ba180528b2b0e4e7facd79b9
0x00000000000000000000000000000000000001c6,35,legitimate,47,0xa4fb8f5a3ae0de64c0ce51874c5ae7d0a3b9f636
0x00000000000000000000000000000000000001c7,35,legitimate,29,0xe69dcbdddef0262ceca1af869918c09184a73e7c
0x00000000000000000000000000000000000001c9,35,legitimate,24,0x77be3ccde80be4700a34c65e0fb31e2d31005c40
0x00000000000000000000000000000000000001cc,35,legitimate,27,0x4f0b2289ad0e0abf929bbdfca1286ee221abaa69
0x00000000000000000000000000000000000001cd,35,legitimate,48,0xaed5bedd7890df9d1c166ec63c03f77be626f78b
0x00000000000000000000000000000000000001d0,35,legitimate,36,0x54ac351a137facaa776b54ff64724f944597e0f1
0x00000000000000000000000000000000000001d1,35,legitimate,46,0x5f4e291c6f461cd2f9875b7eaea4391a046732d2
0x00000000000000000000000000000000000001d4,35,legitimate,26,0xc7a9b258b53a0347124052652d9027ed0292e504
0x00000000000000000000000000000000000001db,35,legitimate,39,0x9524d7d318f90f210a0a4db044248c20f79a6219
0x00000000000000000000000000000000000001dc,35,legitimate,30,0xe370e493e43c8d6d6c82dcc9a19a0559af7169b6
0x00000000000000000000000000000000000001dd,35,legitimate,34,0x4846f2eed7e472a0d3d4d8475a53a545a6a9b3e0
0x00000000000000000000000000000000000001df,35,legitimate,24,0x77fad53417ade7fbe7f2e1770639fff7025c9edf
0x00000000000000000000000000000000000001e8,35,legitimate,46,0x7652ba767d17749480d814b62059ea4160fe0597
0x00000000000000000000000000000000000001ea,35,legitimate,21,0x7ca4d84a00707869ca5f5d5107eeb464f26b6378
0x00000000000000000000000000000000000001ed,35,legitimate,47,0xad2813277a1bc3e396095d426bc79f546c47976e
0x00000000000000000000000000000000000001f0,35,legitimate,33,0xcc1d58aa7d2923809b1a9999187aea98b0a6f3ed
0x00000000000000000000000000000000000001f1,35,legitimate,39,0x4ebd5375382a63721d8e90a154d39c230f9f7d5e
0x00000000000000000000000000000000000001f3,35,legitimate,29,0xf75b563d3d872d5924cea55fddae47637d5f6b78
0x000000000000000000000000000000000000009b,25,legitimate,69,0x03d33907ce028d6018ef9a287f5da7f8fe914b95
0x000000000000000000000000000000000000009e,25,legitimate,55,0x6f91a7be905c3fd92c5d849c4f8c61b998d788d9
0x00000000000000000000000000000000000000a4,25,legitimate,77,0x429146caf5239f956ac66272c8757d0612037b06
0x00000000000000000000000000000000000000a7,25,legitimate,61,0x9aa5bf18d387fcd8cea82b7a1ad4ac13504089fa
0x00000000000000000000000000000000000000aa,25,legitimate,67,0xf8e9ed275c3dbae4c1315e84178419193c29d9ed
0x00000000000000000000000000000000000000ae,25,legitimate,74,0x103d24cffdfbc585161fe564c4384a7ecb165a76
0x00000000000000000000000000000000000000b2,25,legitimate,64,0x4897c6e21581f33ea5b3895910e681fda127f663
0x00000000000000000000000000000000000000b7,25,legitimate,56,0xc5e98866bbbbdbd132d48c8200ef337708ed3047
0x00000000000000000000000000000000000000ba,25,legitimate,74,0x3e03a5ea63bd916be674b2ca0c9f82ada7f57ee0
0x00000000000000000000000000000000000000bc,25,legitimate,52,0x0ae689d6003eea09ac78dec5d639d8aad650e1f3
0x00000000000000000000000000000000000000bd,25,legitimate,78,0x60462998e37f24d741c7a4069359fb5d9ac72520
0x00000000000000000000000000000000000000bf,25,legitimate,74,0xc25cdea8243ac2d48051d2625468edcc4256dc8d
0x00000000000000000000000000000000000000c4,25,legitimate,68,0x3e39f028f88cb9b2042a2952adfed4e547440006
0x00000000000000000000000000000000000000c5,25,legitimate,80,0xbb5f4cf543a38e86f7f814cd6018a71bb5abf66e
0x00000000000000000000000000000000000000c6,25,legitimate,55,0xcc1cbebc0b93aded2c6138810f8e2c426945349d
0x00000000000000000000000000000000000000c9,25,legitimate,68,0x480ce69d19b33751cb68abfa8892161c460cbe9c
0x00000000000000000000000000000000000000cc,25,legitimate,58,0x69f0517b28eab54a32ff2dc2a9fb9d7433b3f445
0x00000000000000000000000000000000000000ce,25,legitimate,63,0xc57dfa496894520aa68385d8e2422489c5ec796d
0x00000000000000000000000000000000000000d2,25,legitimate,69,0x321289ec5fb72099839d27745af7a91c242fcaa4
0x00000000000000000000000000000000000000d3,25,legitimate,55,0xa6e3d14abf898112d6cab3541ecc00a0c2b787b1
0x00000000000000000000000000000000000000d4,25,legitimate,69,0xf98b05df4457af4052da47ac3e30ed5e32c582ac
0x00000000000000000000000000000000000000d5,25,legitimate,71,0x0c89956d6d1e5ed702ade14aa4ee7e8fb50c39ce
0x00000000000000000000000000000000000000d8,25,legitimate,73,0xd460f4be40ddcb1e784f515d8b760ba923420f4b
0x00000000000000000000000000000000000000da,25,legitimate,76,0x8e3473128a5743789decc064d082804c2ae5546b
0x00000000000000000000000000000000000000dd,25,legitimate,56,0x5c2c107b20bceac5151e087bf7e04b1ec41b6e70
0x00000000000000000000000000000000000000e0,25,legitimate,52,0x6d39b3262237c21470bbb114c336f8f342f7814f
0x00000000000000000000000000000000000000e4,25,legitimate,60,0x303768a14bfb159f94e91738713e93c7e5797414
0x00000000000000000000000000000000000000ea,25,legitimate,60,0xf3ec9d12783935b328b68bfeb9aaecd5f2d42229
0x00000000000000000000000000000000000000ee,25,legitimate,52,0xa35661d278148f86aca601d110eec3d21070750e
0x00000000000000000000000000000000000000f1,25,legitimate,79,0xb5af97368ad055ae8ecd6d693f35013423b7b8bb
0x00000000000000000000000000000000000000f2,25,legitimate,64,0xeb4ace2e901aa87a2bb34bc010e49202cf74f43c
0x00000000000000000000000000000000000000f3,25,legitimate,52,0x42351ff84472e10cbe1db36734c51a22ec86be90
0x00000000000000000000000000000000000000f5,25,legitimate,68,0x842a8dd2d0ecbbe14c2320909e810dce20e5f153
0x00000000000000000000000000000000000000fa,25,legitimate,78,0x3081bb691788a7f642de5fd0f705534af53dbf59
0x00000000000000000000000000000000000000fb,25,legitimate,78,0xf1d3ef7f77d37567d8f26ed8d88af4e57345a4b4
0x0000000000000000000000000000000000000100,25,legitimate,67,0xa8f637a1f8dd1dd4183bb56826f5d57da32bd05a
0x0000000000000000000000000000000000000101,25,legitimate,78,0x1ee72d491e001af701122d83a232df5c85c84ccb
0x0000000000000000000000000000000000000102,25,legitimate,66,0xa5465c97c3455b101b05616080835e351901972c
0x0000000000000000000000000000000000000104,25,legitimate,59,0xfe2a999a82079477cad3aff6d583543a3908fe2c
0x0000000000000000000000000000000000000109,25,legitimate,63,0x0ca641cdd55705a225a0cdbab7ff60cafb67485b
0x000000000000000000000000000000000000010c,25,legitimate,79,0x205c047ed43854476d376aeaebbb174fa79f5cb2
0x000000000000000000000000000000000000010d,25,legitimate,75,0x87f5706ba90a6ef6ad49200583c86e32cafb94c9
0x000000000000000000000000000000000000010e,25,legitimate,56,0x6838ddb5137621258626893f89df77201e99722f
0x0000000000000000000000000000000000000112,25,legitimate,59,0x10d481420b4e3010b168b04a924377a401cbb01d
0x0000000000000000000000000000000000000113,25,legitimate,73,0x99a26957ef3e09526e823445968a89d4f1435d69
0x0000000000000000000000000000000000000115,25,legitimate,69,0xfa0d5f07d9bc58e544216ae61bd8e6b946bcfccd
0x0000000000000000000000000000000000000117,25,legitimate,71,0x447f3b22e47077e57ee8224e22c2de437eb9168d
0x000000000000000000000000000000000000011c,25,legitimate,55,0x21572f3c2eae0ec34b054b7eb6daca578d25e9b3
0x000000000000000000000000000000000000011d,25,legitimate,57,0x00db44b5b09f76acb0e170e71fb620c3de2d4480
0x0000000000000000000000000000000000000121,25,legitimate,62,0x14193aadcf5a59ef79f081410b89d61fe3f3ae27
0x0000000000000000000000000000000000000126,25,legitimate,65,0x39edd70d3bffb5b6d72a03c077c237255132b306
0x0000000000000000000000000000000000000129,25,legitimate,79,0x9c2fb39c6adebef57b40f189fc27f285c4abff60
0x000000000000000000000000000000000000012b,25,legitimate,67,0x3c343057d4a1f06a329cccec8fe4a9923fef21c2
0x0000000000000000000000000000000000000130,25,legitimate,59,0x06bdebc58098627220f7e28dcaa1d6475ad63166
0x0000000000000000000000000000000000000131,25,legitimate,74,0xec8259d263bb23ed82b862532817ad771b834da9
0x0000000000000000000000000000000000000132,25,legitimate,54,0x66c4c628990836b0ef7dc45a6ebe64f27ca84415
0x0000000000000000000000000000000000000133,25,legitimate,54,0x75313f372ea8680d07b89fd2ffc0900b4ed7676f
0x0000000000000000000000000000000000000135,25,legitimate,63,0xf6975ace36c1944d7f6d98de93ce7a5af027e875
0x000000000000000000000000000000000000013e,25,legitimate,53,0xf9329f7d16d9f8a4e10dc27d3a84311e6f792a91
0x000000000000000000000000000000000000013f,25,legitimate,60,0xe5c6d1988e23f880a964b0f155379e643985e732
0x0000000000000000000000000000000000000140,25,legitimate,51,0xb7eeb5fa588e5a83fdc2b1d624cf8e36c6c9f8a7
0x0000000000000000000000000000000000000142,25,legitimate,66,0xcd8368441ddff7fd9c03699f321ad78992dd2a85
0x0000000000000000000000000000000000000143,25,legitimate,68,0xc2c73e171cfd873a4e1a08208d112a3dc3213e66
0x0000000000000000000000000000000000000145,25,legitimate,69,0x327539638b4b6b42a068de8abeea0c6c99376821
0x000000000000000000000000000000000000014a,25,legitimate,78,0x47aedc16a75c13166ca660537b38b3414dfb95bb
0x0000000000000000000000000000000000000150,25,legitimate,69,0xbbf749fe880ce403579e8ef255904c621d97f572
0x0000000000000000000000000000000000000152,25,legitimate,57,0x0fd8ef066e8d142c20bee3e57c90b3d4eca1a68c
0x0000000000000000000000000000000000000153,25,legitimate,60,0x4185dd26df80d55e93b12aa7a7a1ad1da3fbc14b
0x0000000000000000000000000000000000000154,25,legitimate,68,0x05389893082a2dbeaa7b73ffe3c0612578c51409
0x0000000000000000000000000000000000000157,25,legitimate,54,0x83315ec699c30f069e20af637a90a7ac7ecc2490
0x0000000000000000000000000000000000000159,25,legitimate,56,0x529fd5934039e33703e833b1bac54d31916860ab
0x000000000000000000000000000000000000015b,25,legitimate,66,0xf069254435837edb4eeb6db7b2409406c20768cb
0x000000000000000000000000000000000000015c,25,legitimate,77,0x238af0ba8f6770679bb195185737ee98ec9be669
0x000000000000000000000000000000000000015e,25,legitimate,51,0xa4381f87bdee0ddfa899a9f9e221bd2333705996
0x0000000000000000000000000000000000000160,25,legitimate,80,0x9f2d13fdb2eeaa54cea0b10f177ffb9e64bf82e1
0x0000000000000000000000000000000000000165,25,legitimate,54,0x8c62edbf677d50df983062188da1582552553cd2
0x0000000000000000000000000000000000000168,25,legitimate,79,0x4de631a1c1c973b39b3abc182b7d78626b72b2c1
0x000000000000000000000000000000000000016b,25,legitimate,74,0xc4732847250323fc51113de8e942c1d2faadc30a
0x000000000000000000000000000000000000016c,25,legitimate,67,0x79fe451ba9d00aa55e337a6106e2010a6b6e44e6
0x000000000000000000000000000000000000016e,25,legitimate,64,0x90c3169b4d2fb8671525f473bf54f5c82a3e0749
0x0000000000000000000000000000000000000170,25,legitimate,76,0xc74f162fc909250a5d77887276ff77a2dde06891
0x0000000000000000000000000000000000000172,25,legitimate,67,0x85fa19e4e401f390f6e1cd729c2c90499a2d6d5b
0x0000000000000000000000000000000000000174,25,legitimate,60,0xcf912c47ceb3424c75d6e84fabc5a6cb129c369f
0x0000000000000000000000000000000000000176,25,legitimate,62,0xb6a4c258c7d130317ad86c9ab50f818e7aeb1fea
0x0000000000000000000000000000000000000178,25,legitimate,74,0x8ca7998f422c950b5c92f67d98c5d0ada1cff24a
0x0000000000000000000000000000000000000179,25,legitimate,65,0xde3b5717bf26cf664dd2f202c21fab23fc392ff7
0x000000000000000000000000000000000000017b,25,legitimate,61,0x0f6f8c946143b892c44ba076c4b0978ae5eb1116
0x000000000000000000000000000000000000017c,25,legitimate,66,0xd57a00ba5a0b917641e6c1cf2edb027c4c562b1c
0x000000000000000000000000000000000000017f,25,legitimate,69,0x9cb210bfc736dc959418d2c10bbe2f6788554662
0x0000000000000000000000000000000000000180,25,legitimate,57,0x14f014bcc7c1798a8e37f746b654e7a5922aaec0
0x0000000000000000000000000000000000000184,25,legitimate,78,0xc9f47b08e5700c771a2398739aaedfacc2c2598d
0x0000000000000000000000000000000000000185,25,legitimate,68,0xc7b85176c1c2dbb5772c7d3821187b9f73d90003
0x0000000000000000000000000000000000000187,25,legitimate,60,0x7f579194aed0cd762f68307c1767fadaac89ddd4
0x000000000000000000000000000000000000018a,25,legitimate,78,0xa3fbe6022ee001b44c6b9262f4127471bf811d4d
0x000000000000000000000000000000000000018c,25,legitimate,67,0xf6f5eb2dacbb728906d4e4f8804a2f0ec9ad9471
0x0000000000000000000000000000000000000192,25,legitimate,55,0xd8749cd991affeb278110eb2c433ff1540bbc15d
0x0000000000000000000000000000000000000198,25,legitimate,58,0xc5809b61bf61d71f627cd3b9a8098bd9fdaccf5f
0x0000000000000000000000000000000000000199,25,legitimate,56,0x74e21218feb8819215990d5abe4adeac3a39d050
0x000000000000000000000000000000000000019a,25,legitimate,77,0x7792f68b56c40e3fbf9bf2370cd8a93138fe9128
0x000000000000000000000000000000000000019d,25,legitimate,53,0x8c5e03ab81b852355baacd313c1af9852346e0de
0x000000000000000000000000000000000000019f,25,legitimate,76,0x1ea98aabc30a2f1e156e636af65534dff3ee5aaa
0x00000000000000000000000000000000000001a2,25,legitimate,59,0x9a8663c76ce668cf2ae5f7a1fe2df0aebec6d78b
0x00000000000000000000000000000000000001a4,25,legitimate,65,0x9f9b01eebe2dc5f819cc1aa969c636ab9a9f4fc0
0x00000000000000000000000000000000000001a8,25,legitimate,51,0x5c51b7ab7ebe87d260d49e08ddf30dcf9aa454eb
0x00000000000000000000000000000000000001a9,25,legitimate,73,0x1fba109875249d77c4af6913ab52fc9c8f63c913
0x00000000000000000000000000000000000001aa,25,legitimate,56,0x37724169a603d4eb18c3d6cff1bf379dd498898d
0x00000000000000000000000000000000000001b1,25,legitimate,78,0xf08b1c24ccb7b1e0fbe2df15bf7fd5ca5cf91891
0x00000000000000000000000000000000000001b2,25,legitimate,61,0xaf33d3807afd82e9c6eb88448575682180c9f6d3
0x00000000000000000000000000000000000001b4,25,legitimate,78,0xb0dc75cc72d281404f84f0fcbeeeb14a92ed5a99
0x00000000000000000000000000000000000001b5,25,legitimate,63,0x3145db0c4d6526cd245b4b9cbed022aaced50ff0
0x00000000000000000000000000000000000001b7,25,legitimate,66,0x7b2bad3d7c255f4149ad267a74d5fe1a18f2c7d9
0x00000000000000000000000000000000000001b9,25,legitimate,77,0x3401f83dafb9b139b7c7f377272b8d86c840a0dc
0x00000000000000000000000000000000000001bc,25,legitimate,79,0xbfa01d5853c510d5710fccfb8b6f31cb2a6aa709
0x00000000000000000000000000000000000001bf,25,legitimate,78,0xc6bb82400dce91399b8216da08d49b6b19b0e10c
0x00000000000000000000000000000000000001c2,25,legitimate,51,0x4edf395c4c693632cc28d5e566a7969fa681e1cf
0x00000000000000000000000000000000000001c5,25,legitimate,57,0x4d0aa95c495a4da6498ec26fca88acd2dc3e2a1a
0x00000000000000000000000000000000000001c8,25,legitimate,58,0x3acc7053f695b070a8f3f9da3a8f898a1cf11cc7
0x00000000000000000000000000000000000001ca,25,legitimate,63,0x76014369a6f2cf178825b360a59825075b6d64c2
0x00000000000000000000000000000000000001ce,25,legitimate,52,0xf225de752e6b369c10f6082b631957afbf8bbd6c
0x00000000000000000000000000000000000001cf,25,legitimate,66,0x226ae8bf5094f3bc010a4cc376b6216248d2f7f1
0x00000000000000000000000000000000000001d3,25,legitimate,77,0x4f190ad0ef7e70eb47c1a6b5f3b61281b70e78b6
0x00000000000000000000000000000000000001da,25,legitimate,78,0xbba58ef246db4899e9c5d2316fd8c1b6fd42c5b9
0x00000000000000000000000000000000000001e0,25,legitimate,63,0xd0de304788677ba222d6985202b9066121e670de
0x00000000000000000000000000000000000001e6,25,legitimate,78,0x91b8729e21107185e69e54b9908be6411e007943
0x00000000000000000000000000000000000001ec,25,legitimate,62,0xdb529ddf41cfebe7b117384342ee3ea091bc743a
0x00000000000000000000000000000000000001ee,25,legitimate,67,0x2999e96e0258dc8b9f2b479772666e646ccf1417
0x00000000000000000000000000000000000001ef,25,legitimate,57,0xdbeddf42e534493759920dba303d0b2fe3ff4fcb
0x00000000000000000000000000000000000001f2,25,legitimate,54,0x4e4c25c2f2585b1bb9dcf9bd3d7a492a63ed8308
